GarageArea,GarageCars,GrLivArea,1stFlrSF,TotalBsmtSF,OverallQual,SalePrice
548,2,1710,856,856,7,208500
460,2,1262,1262,1262,6,181500
608,2,1786,920,920,7,223500
642,3,1717,961,756,7,140000
836,3,2198,1145,1145,8,250000
480,2,1362,796,796,5,143000
636,2,1694,1694,1686,8,307000
484,2,2090,1107,1107,7,200000
468,2,1774,1022,952,7,129900
205,1,1077,1077,991,5,118000
384,1,1040,1040,1040,5,129500
736,3,2324,1182,1175,9,345000
352,1,912,912,912,5,144000
840,3,1494,1494,1494,7,279500
352,1,1253,1253,1253,6,157000
576,2,854,854,832,7,132000
480,2,1004,1004,1004,6,149000
516,2,1296,1296,0,4,90000
576,2,1114,1114,1114,5,159000
294,1,1339,1339,1029,5,139000
853,3,2376,1158,1158,8,325300
280,1,1108,1108,637,7,139400
534,2,1795,1795,1777,8,230000
572,2,1060,1060,1040,5,129900
270,1,1060,1060,1060,5,154000
890,3,1600,1600,1566,8,256300
576,2,900,900,900,5,134800
772,3,1704,1704,1704,8,306000
319,1,1600,1600,1484,5,207500
240,1,520,520,520,4,68500
250,1,1317,649,649,4,40000
271,1,1228,1228,1228,5,149350
484,2,1234,1234,1234,8,179900
447,2,1700,1700,1398,5,165500
556,2,1561,1561,1561,9,277500
691,3,2452,1132,1117,8,309000
672,2,1097,1097,1097,5,145000
498,2,1297,1297,1297,5,153000
246,1,1057,1057,1057,5,109000
0,0,1152,1152,0,4,82000
440,2,1324,1324,1088,6,160000
308,1,1328,1328,1350,5,170000
504,2,884,884,840,5,144000
308,1,938,938,938,5,130250
300,1,1150,1150,1150,5,141000
576,2,1752,1752,1752,9,319900
670,2,2149,1518,1434,7,239686
826,3,1656,1656,1656,8,249700
0,0,1452,736,736,4,113000
386,1,955,955,955,5,127000
388,2,1470,794,794,6,177000
528,2,1176,816,816,6,114500
516,2,816,816,816,5,110000
894,3,1842,1842,1842,9,385000
572,2,1360,1360,384,5,130000
576,2,1425,1425,1425,6,180500
480,2,1739,983,970,8,172500
565,2,1720,860,860,7,196500
641,3,2945,1426,1410,10,438780
352,1,780,780,780,5,124900
576,2,1158,1158,1158,6,158000
288,1,1111,581,530,5,101000
484,2,1370,1370,1370,8,202500
480,2,1710,902,576,7,140000
645,2,2034,1057,1057,7,219500
852,3,2473,1143,1143,8,317000
576,2,2207,2207,1947,7,180000
558,2,1479,1479,1453,7,226000
220,1,747,747,747,4,80000
667,2,2287,1304,1304,7,225000
516,2,2223,2223,2223,7,244000
360,2,845,845,845,4,129500
427,2,1718,885,832,7,185000
490,2,1086,1086,1086,5,144900
379,1,1605,840,840,3,107400
297,1,988,526,462,4,91000
283,1,952,952,952,4,135750
240,1,1285,1072,672,5,127000
0,0,1768,1768,1768,4,136500
440,2,1230,682,440,5,110000
509,1,2142,1182,896,6,193500
405,2,1337,1337,1237,6,153500
758,3,1563,1563,1563,8,245000
461,2,1065,1065,1065,5,126500
400,2,1474,804,384,7,168500
462,2,2417,1301,1288,8,260000
400,2,1560,684,684,6,174000
528,2,1224,612,612,6,164500
0,0,1526,1013,1013,3,85000
0,0,990,990,990,4,123600
420,2,1040,1040,0,4,109900
480,2,1235,1235,1235,5,98600
432,2,964,964,876,5,163500
506,2,2291,1260,1214,6,133900
684,2,1786,905,824,6,204750
420,2,1470,680,680,6,185000
472,2,1588,1588,1588,7,214000
432,1,960,960,960,4,94750
366,1,835,835,458,5,83000
0,0,1225,1225,950,4,128950
480,2,1610,1610,1610,6,205000
476,2,1732,977,741,6,178000
410,2,1535,1535,0,5,118964
740,3,1226,1226,1226,7,198900
240,1,1818,1226,1040,7,169500
648,2,1992,1053,1053,8,250000
273,1,1047,1047,641,4,100000
250,1,789,789,789,5,115000
0,0,1517,997,793,5,115000
546,2,1844,1844,1844,6,190000
325,1,1855,1216,994,6,136900
400,2,1430,774,384,7,180000
792,3,2696,1282,1264,7,383970
450,2,2259,2259,1809,6,217000
180,1,2320,1436,1028,6,259500
440,2,1458,729,729,6,176000
288,1,1092,1092,1092,5,139000
430,2,1125,1125,1125,5,155000
594,3,3222,1699,1673,7,320000
390,2,1456,728,728,6,163990
540,2,988,988,938,6,180000
264,1,1123,772,732,4,100000
288,1,1080,1080,1080,6,136000
530,2,1199,1199,1199,6,153900
435,2,1586,1586,1362,6,181000
0,0,754,520,520,6,84500
440,2,958,958,1078,6,128000
0,0,840,840,672,5,87000
453,2,1348,660,660,6,155000
750,2,1053,1053,1008,5,150000
487,2,2157,1216,924,7,226000
390,2,2054,1022,992,6,244000
624,2,1327,1327,1063,5,150750
471,2,1296,1296,1267,8,220000
440,2,1721,1721,1461,5,180000
530,2,1682,1682,1304,7,174000
318,1,1214,1214,1214,5,143000
766,3,1959,1959,1907,7,171000
660,3,1852,1004,1004,8,230000
470,2,1764,928,928,6,231500
0,0,864,864,864,4,115000
660,2,1734,1734,1734,7,260000
720,2,1385,910,910,5,166000
577,2,1501,1501,1490,7,204000
504,2,1728,1728,1728,5,125000
380,2,1709,970,970,6,130000
180,1,875,875,715,5,105000
434,2,2035,884,884,7,222500
0,0,1080,1080,1080,7,141000
240,1,1344,896,896,5,115000
440,2,969,969,969,5,122000
866,3,1710,1710,1710,8,372402
495,2,1993,1097,825,6,190000
564,2,1252,1252,1602,6,235000
312,1,1200,1200,1200,6,125000
0,0,1096,572,572,6,79000
625,2,1040,1040,0,5,109500
680,3,1968,774,774,8,269500
678,2,1947,991,991,7,254900
576,2,2462,1392,1392,7,320000
516,2,1232,1232,1232,6,162500
726,3,2668,1572,1572,9,412500
532,2,1541,1541,1541,7,220000
0,0,882,882,882,4,103200
216,1,1616,1149,1149,6,152000
0,0,1355,808,644,5,127500
303,1,1867,1867,1617,5,190000
789,3,2161,1610,1582,8,325624
440,2,1720,840,840,7,183500
511,2,1707,1707,1686,8,228000
660,2,1382,854,720,5,128500
528,2,1656,1656,1080,6,215000
504,2,1767,1064,1064,7,239000
504,2,1362,1362,1362,6,163000
616,2,1651,1651,1606,6,184000
576,2,2158,2158,1202,6,243000
521,2,2060,1164,1151,6,211000
451,2,1920,1252,1052,5,172500
1166,3,2234,2234,2216,9,501837
480,2,968,968,968,5,100000
440,2,1525,769,756,6,177000
216,1,1802,901,793,7,200100
252,1,1340,1340,0,5,120000
484,2,2082,1362,1362,7,200000
576,2,1252,936,504,5,127000
840,3,3608,1518,1107,10,475000
497,2,1217,1217,1188,7,173000
180,1,1656,808,660,5,135000
528,2,1224,1224,1086,5,153337
682,2,1593,1593,1593,8,286000
440,2,2727,1549,853,8,315000
484,2,1479,725,725,7,184000
666,2,1431,1431,1431,7,192000
380,2,1709,970,970,7,130000
352,1,864,864,864,5,127000
440,2,1456,855,855,6,148500
786,3,1726,1726,1726,7,311872
795,2,3112,1360,1360,8,235000
0,0,2229,929,755,6,104000
856,3,1713,1713,1713,8,274900
440,2,1121,1121,1121,4,140000
473,2,1279,1279,1196,6,171500
398,1,1310,865,617,6,112000
420,2,848,848,848,6,149000
240,1,1284,720,720,5,110000
500,2,1442,1442,1424,7,180500
349,1,1696,1696,1140,5,143900
312,1,1100,1100,1100,4,141000
454,2,2062,1180,1157,7,277000
504,2,1092,1092,1092,6,145000
0,0,864,864,864,5,98000
460,2,1212,1212,1212,6,186000
644,2,1852,932,900,7,252678
576,2,990,990,990,5,156000
299,1,1392,689,689,6,161750
447,1,1236,1236,1070,5,134450
484,2,1436,1436,1436,7,210000
210,1,1328,810,686,4,107000
431,2,1954,1137,798,7,311500
438,2,1248,1248,1248,7,167240
675,2,1498,1498,1498,7,204900
390,2,2267,1010,1010,6,200000
434,2,1552,811,713,6,179900
576,2,864,864,864,4,97000
968,3,2392,2392,2392,10,386250
280,1,1302,630,630,5,112000
721,3,2520,1214,1203,7,290000
280,1,987,483,483,6,106000
336,1,912,912,912,5,125000
430,2,1555,1555,1373,7,192500
312,1,1194,1194,1194,6,148000
810,3,2794,1490,1462,8,403000
288,1,987,483,483,6,94500
308,1,894,894,894,5,128200
440,2,1960,860,860,6,216500
264,1,987,483,483,6,89500
494,2,1414,1414,1414,7,185500
457,2,1744,1014,996,7,194500
818,3,1694,1694,1694,8,318000
220,1,1487,798,735,6,113000
750,2,1566,1566,1566,8,262500
0,0,866,866,686,5,110500
352,1,1440,889,540,5,79000
288,1,1217,626,626,6,120000
463,2,2110,1222,948,7,205000
604,2,1872,1872,1845,7,241500
440,1,1928,908,1020,6,137000
451,2,1375,1375,1367,6,140000
500,2,1668,840,840,7,180000
389,2,2144,1444,1444,6,277000
0,0,1306,1306,728,3,76500
538,2,1625,1625,1573,8,235000
520,2,1640,798,798,6,173000
309,1,1302,1302,1302,6,158000
294,1,1314,1314,1314,5,145000
429,2,2291,1005,975,7,230000
673,2,1728,864,864,6,207500
660,2,1604,1604,1604,7,220000
564,2,1792,963,963,7,231500
308,1,882,882,0,5,97000
884,2,1382,1382,1362,6,176000
868,3,2574,1482,1482,8,276000
492,2,1212,1212,506,6,151000
484,2,1316,926,926,5,130000
504,2,764,764,680,5,73000
576,2,1422,1422,1422,6,175500
413,2,1511,802,802,6,185000
240,1,2192,1052,720,5,179500
924,1,778,778,740,5,120500
504,1,1113,1113,1143,6,148000
1053,3,1939,1095,1095,8,266000
439,2,1363,1363,1385,7,241500
671,3,2270,1164,1152,8,290000
338,1,1632,1632,1240,6,139000
264,1,816,816,816,5,124500
672,2,1548,952,952,7,205000
573,2,1560,1560,1560,7,201000
400,2,864,864,864,4,141000
732,3,2121,2121,2121,9,415298
505,2,2022,1156,1160,7,192000
575,2,1982,1175,807,7,228500
572,2,1262,1262,1262,6,185000
626,2,1314,1314,1314,7,207500
898,3,1468,1468,1468,8,244600
529,2,1575,1575,1575,6,179200
528,2,1250,625,625,7,164700
440,2,1734,1085,912,6,159000
0,0,858,858,858,4,88000
280,1,900,900,882,5,122000
384,1,1396,698,698,6,153575
685,2,1919,1079,1079,8,233230
0,0,1716,936,780,5,135900
281,1,1716,1148,768,5,131000
539,2,2263,1468,795,7,235000
418,2,1644,1644,1416,6,167000
588,2,1003,1003,1003,6,142500
282,1,1558,910,910,5,152000
576,2,1950,975,975,7,239000
539,2,1743,1041,702,6,175000
300,1,1152,1152,1092,6,158500
375,1,1336,1336,1165,5,157000
683,2,2452,1210,1028,8,267000
843,3,1541,1541,1541,7,205000
552,2,894,894,894,5,149900
870,3,3493,1675,1470,7,295000
888,3,2000,2000,2000,8,305900
746,3,2243,1122,700,7,225000
0,0,1406,1035,319,6,89500
539,2,861,861,861,4,82500
708,3,1944,1944,1896,9,360000
420,2,1501,697,697,6,165600
240,1,972,972,972,6,132000
410,2,1118,793,793,5,119900
513,2,2036,2036,2136,7,375000
546,2,1641,832,728,7,178000
432,2,1432,716,716,7,188500
484,2,2353,1153,845,7,260000
1025,3,1959,1088,1088,8,270000
656,3,2646,1372,1347,7,260000
588,2,1472,1472,1372,7,187500
840,3,2596,1249,1249,9,342643
872,3,2468,1136,1136,8,354000
576,2,2730,1553,1502,7,301000
220,1,1163,1163,1162,3,126175
564,2,2978,1898,710,7,242000
360,2,803,803,720,5,87000
473,2,1719,1719,1719,8,324000
292,1,1383,1383,1383,6,145250
441,2,2134,1445,844,6,214500
189,1,1192,596,596,5,78000
352,1,1728,1728,1728,5,119000
308,1,1056,1056,1056,5,139000
880,3,1629,1629,3206,8,284000
484,2,1358,1358,1358,7,207000
472,2,1638,943,943,6,192000
529,2,1786,1619,1499,5,228950
676,3,1922,1922,1922,9,377426
532,2,1536,1536,1536,7,214000
440,2,1621,1621,1208,7,202500
297,1,1215,1215,1215,6,155000
431,2,1908,993,967,8,202900
294,1,841,841,721,4,82000
400,2,1040,1040,0,3,87500
564,2,1684,1684,1684,9,266000
336,1,1112,536,536,5,85000
312,1,1577,972,972,6,140200
301,1,958,958,958,6,151500
498,2,1478,1478,1478,6,157500
474,2,1626,764,764,7,154000
706,3,2728,1848,1848,9,437154
617,2,1869,1869,1869,9,318061
445,2,1453,1453,1453,7,190000
200,1,1111,616,616,5,95000
484,2,720,720,624,6,105900
240,1,1595,1192,940,6,140000
521,2,1200,1200,1200,6,177500
400,2,1167,1167,1158,6,173000
528,2,1142,1142,1142,5,134000
288,1,1352,1352,1062,5,130000
592,2,1924,1086,1086,8,280000
470,2,912,912,888,6,156000
240,1,1505,988,883,5,145000
672,2,1922,495,0,7,198500
264,1,987,483,483,6,118000
566,2,1574,790,796,6,190000
468,1,1344,672,672,5,147000
514,2,1394,1394,1394,6,159000
296,1,1431,1431,1099,6,165000
244,1,1268,1268,1268,5,132000
576,2,1287,1287,1063,5,162000
460,2,1664,953,953,6,172400
680,2,1588,1120,0,4,134432
264,1,752,752,744,6,125000
270,1,1319,1319,608,5,123000
434,2,1928,847,847,7,219500
0,0,904,904,683,1,61000
576,2,914,914,870,5,148000
610,2,2466,1580,1580,8,340000
834,3,1856,1856,1856,9,394432
463,2,1800,1007,982,6,179000
308,1,1691,1026,1026,5,127000
572,2,1301,1301,1293,7,187750
639,2,1797,939,939,7,213500
360,2,784,784,784,6,76000
501,2,1953,1079,1580,6,240000
430,2,1269,1269,1256,8,192000
0,0,1184,658,658,5,81000
352,1,1125,1125,1041,6,125000
577,2,1479,1479,1468,7,191000
846,3,2332,1742,1682,10,426000
384,1,1367,961,861,5,119000
560,2,1961,804,804,6,215000
294,1,882,882,0,5,106500
0,0,788,788,788,4,100000
240,1,1034,735,735,5,109000
596,1,1144,1144,1144,5,129000
600,2,894,894,894,5,123000
264,1,1812,876,864,5,169500
338,1,1077,1077,961,5,67000
438,2,1550,1112,1092,7,241000
500,2,1288,1288,1260,8,245500
400,2,1310,1310,1310,7,164990
240,1,672,672,672,5,108000
420,2,2263,1165,1141,8,258000
373,2,1572,806,806,6,168000
490,2,1620,1620,1281,4,150000
240,1,1639,1166,1064,6,115000
308,1,1680,840,840,6,177000
947,3,2172,1071,1063,7,280000
836,3,2078,1050,1034,8,339750
350,1,1276,1276,1276,5,60000
572,2,1056,1056,1056,5,145000
484,2,1478,1478,1470,7,222000
360,2,1028,1028,1008,5,115000
678,3,2097,1080,1080,7,228000
396,2,1340,1340,1340,7,181134
440,2,1400,672,672,6,149500
864,3,2624,1370,1370,6,239000
240,1,1134,756,756,5,126000
304,1,1056,1056,1056,5,142000
784,4,1344,1344,1344,7,206300
529,2,1602,1602,1602,6,215000
520,2,988,988,988,5,113000
696,3,2630,1470,1470,8,315000
297,1,1196,1196,1196,6,139000
240,1,1389,707,651,7,135000
569,2,1644,1644,1518,7,275000
352,1,907,907,907,4,109008
628,2,1208,1208,1208,7,195400
576,2,1412,1412,1392,6,175000
264,1,987,483,483,6,85400
0,0,1198,1088,901,6,79900
440,2,1365,765,765,5,122500
470,2,1604,926,926,6,181000
0,0,630,630,630,4,81000
550,2,1661,827,799,7,212000
440,2,1118,734,648,6,116000
180,1,904,904,884,6,119000
352,1,694,694,440,5,90350
528,2,1196,684,684,6,110000
672,3,2402,2402,3094,10,555000
0,0,1440,1440,1440,4,118000
360,2,1573,1128,1078,5,162900
648,3,1258,1258,1258,7,172500
493,2,1908,933,915,7,210000
480,2,1689,1689,1436,6,127500
578,2,1888,1888,1517,6,190000
431,2,1886,956,930,7,199900
198,1,1376,780,780,6,119500
308,1,1183,679,649,3,120000
270,1,813,813,813,6,110000
576,2,1533,1533,1533,7,280000
422,2,1756,888,872,6,204000
676,2,1590,786,768,8,210000
560,2,1728,1728,1728,5,188000
528,2,1242,1242,1242,7,175500
513,3,1344,624,624,5,98000
529,2,1663,1663,1364,4,256000
228,1,1666,833,588,8,161000
352,1,1203,979,709,5,110000
552,2,1935,832,832,8,263435
576,2,1135,575,560,7,155000
360,1,864,864,864,5,62383
240,1,1660,849,715,6,188700
0,0,1040,1040,1040,5,124000
398,2,1414,1414,1375,7,178740
526,2,1277,1277,1277,7,167000
312,1,1644,888,728,5,146500
866,3,1634,1634,1626,8,250000
506,2,1710,832,832,6,187000
528,2,1502,1502,1488,8,212000
534,2,1969,1161,808,7,190000
525,2,1072,1072,547,6,148000
908,3,1976,1976,1976,8,440000
499,2,1652,1652,1494,8,251000
624,2,970,970,970,5,132500
508,2,1493,1493,1478,6,208900
694,3,2643,2069,2153,9,380000
826,3,1718,1718,1705,8,297000
672,2,1131,1131,907,4,89471
772,3,1850,1850,1833,9,326000
874,3,1792,1792,1792,9,374000
164,1,1826,916,910,7,155000
402,2,1216,1216,1216,6,164000
264,1,999,999,999,5,132500
264,1,1113,1113,1113,5,147000
515,2,1073,1073,1073,5,156000
487,2,1484,1484,1484,5,175000
520,2,2414,1766,954,5,160000
286,1,630,630,630,4,86000
336,1,1304,616,264,5,115000
240,1,1578,958,806,6,133000
429,2,1456,728,728,6,172785
308,1,1269,1269,1269,5,155000
273,1,886,886,190,5,91300
0,0,720,720,720,4,34900
546,2,3228,3228,3200,8,430000
240,1,1820,1133,1026,7,184000
288,1,899,899,864,5,130000
297,1,912,912,912,5,120000
264,1,1218,672,672,6,113000
603,2,1768,866,866,7,226700
461,2,1214,1214,1214,5,140000
484,2,1801,1801,1501,7,289000
440,2,1322,855,855,6,147000
400,2,1960,960,960,5,124500
471,2,1911,1065,777,8,215000
676,2,1218,1218,1218,6,208300
360,2,1378,689,689,7,161000
270,1,1041,1041,1041,5,124500
288,1,1363,1363,1008,5,164900
474,2,1368,1368,1368,7,202665
624,2,864,864,864,5,129900
484,2,1080,1080,1084,6,134000
200,1,789,789,768,5,96500
900,3,2020,2020,2006,10,402861
583,2,2119,1378,689,6,158000
889,3,2344,1277,1264,7,265000
546,2,1796,882,794,6,211000
282,1,2080,1276,1276,7,234000
0,0,1294,694,0,4,106250
336,1,1244,1244,1244,6,150000
420,2,1664,1004,1004,6,159000
884,3,4676,3138,3138,10,184750
834,3,2398,1383,1379,7,315750
453,2,1266,1266,1257,7,176000
252,1,928,928,928,5,132000
858,3,2713,1476,1452,9,446261
0,0,605,605,528,4,86000
484,2,2515,2515,2035,6,200624
600,2,1509,1509,1461,6,175000
502,2,1362,751,611,6,128000
392,1,827,827,0,5,107500
0,0,334,334,0,1,39300
403,2,1414,707,707,8,178000
0,0,1347,820,1117,5,107500
527,2,1724,880,880,7,188000
576,2,864,864,864,4,111250
336,1,1159,1159,1051,5,158000
670,2,1601,1601,1581,8,272000
765,3,1838,1838,1838,9,315000
648,3,2285,997,969,8,248000
583,2,1680,1680,1650,7,213250
367,1,767,767,723,7,133000
426,2,1496,664,654,7,179665
786,3,2183,1377,1204,7,229000
440,2,1635,915,1065,6,210000
624,2,768,768,768,5,129500
720,2,825,825,825,5,125000
615,2,2094,912,912,7,263000
440,2,1069,1069,1069,6,140000
288,1,928,928,928,5,112500
908,3,1717,1717,1709,8,255500
520,2,1126,1126,0,4,108000
871,3,2046,1006,998,7,284000
280,1,1048,1048,993,5,113000
299,1,1092,1092,1092,5,141000
570,1,1336,897,637,4,108000
406,2,1446,729,729,7,175000
420,2,1557,1557,1374,7,234000
528,2,1392,1392,1392,5,121500
418,2,1389,1389,1389,5,170000
0,0,996,996,996,5,108000
396,2,1674,1163,1163,6,185000
590,2,2295,1166,1095,7,268000
216,1,1647,841,806,6,128000
656,3,2504,1134,1122,9,325000
532,2,1535,1535,1517,7,214000
612,2,2132,1496,1496,8,316600
600,2,943,943,943,5,135960
576,2,1728,1728,1728,5,142600
288,1,864,864,864,6,120000
650,2,1692,846,846,7,224500
400,2,1430,774,384,7,170000
288,1,1109,576,372,5,139000
336,1,1216,832,832,5,118500
216,1,1477,877,861,7,145000
564,2,1320,1320,1164,5,164500
540,2,1392,703,689,7,146000
352,1,1795,1050,1050,5,131500
572,2,1429,1429,1144,6,181900
1390,3,2042,2042,2042,8,253293
0,0,816,816,816,6,118500
880,2,2775,1521,1237,10,325000
240,1,1573,989,884,4,133000
880,3,2028,2028,1868,8,369900
275,1,838,838,816,6,130000
528,2,860,860,840,5,137000
452,1,1473,1473,1437,5,143000
308,1,935,779,742,5,79500
520,2,1582,770,770,7,185900
842,3,2296,1728,1722,10,451950
816,2,816,816,816,5,138000
420,2,848,848,848,6,140000
280,1,924,924,924,5,110000
758,3,1826,1826,1814,8,319000
216,1,1368,684,684,6,114504
648,3,1402,1402,1258,7,194201
621,2,1647,1647,1430,5,217500
452,2,1556,716,716,6,151000
736,2,1904,1058,1058,8,275000
544,1,1375,780,780,6,141000
506,2,1915,927,908,8,220000
480,2,1200,600,600,7,151000
530,2,1494,1494,1494,7,221000
486,2,1986,1186,768,7,205000
576,2,1040,1040,1040,5,152000
230,1,2008,1112,896,5,225000
380,2,3194,1940,965,8,359100
261,1,1029,1029,1029,4,118500
736,3,2153,1476,1440,9,313000
564,2,1032,1032,1032,6,148000
531,2,1872,1299,1299,8,261500
0,0,1120,1120,1120,5,147000
0,0,630,630,630,4,75500
480,2,1054,1054,936,6,137500
393,2,1509,807,783,6,183200
528,2,832,832,832,6,105500
774,3,1828,1828,1822,9,314813
749,3,2262,1482,1482,8,305000
0,0,864,864,864,3,67000
624,2,2614,1548,1522,6,240000
484,2,980,980,980,5,135000
440,2,1512,756,756,6,168500
484,2,1790,1012,732,6,165150
440,2,1116,1116,1116,6,160000
286,1,1422,1422,978,5,139900
364,1,1520,1520,1156,6,153000
504,2,2080,1040,1040,5,135000
520,2,1350,1350,1248,6,168500
240,1,1750,1089,636,5,124000
627,2,1554,1554,1554,8,209500
544,2,1411,1411,1386,7,82500
260,1,1056,1056,1056,5,139400
576,2,1056,1056,1056,6,144000
0,0,3395,1440,1440,6,200000
0,0,800,800,264,2,60000
256,1,1387,811,811,5,93000
0,0,796,796,796,5,85000
648,3,1567,1567,1520,8,264561
588,2,1518,1518,1518,8,274000
650,2,1929,1057,1057,7,226000
538,2,2704,2000,1952,8,345000
462,2,1620,780,780,5,152000
478,3,1766,1766,1766,9,370878
576,2,981,981,981,6,143250
420,2,1048,1048,0,5,98300
495,2,1094,1094,1094,6,155000
442,2,1839,1051,756,6,155000
0,0,630,630,630,4,84500
562,2,1665,822,813,7,205950
296,1,1510,755,755,4,108000
512,2,1716,909,880,7,191000
216,1,1469,756,756,6,135000
839,3,2113,2113,2109,8,350000
264,1,1092,525,525,6,88000
312,1,1053,1053,1053,5,145500
270,1,1502,851,776,7,149000
330,1,1458,912,912,6,97500
480,2,1486,1486,1486,5,167000
550,2,1935,1142,793,7,197900
711,3,2448,1686,1629,8,402000
576,2,1392,1392,1392,6,110000
588,2,1181,1181,1138,4,137500
1134,3,2097,2097,2077,8,423000
504,2,1936,1454,1406,8,230500
596,2,2380,1465,1021,6,129000
575,2,1679,1679,1408,6,193500
576,2,1437,1437,1188,5,168000
252,1,1180,1180,700,4,137500
540,2,1476,738,738,6,173500
300,1,1369,697,672,6,103600
546,2,1208,1208,1208,6,165000
416,2,1839,1839,1477,6,257500
384,1,1136,1136,1136,6,140000
440,2,1441,855,855,6,148500
779,3,1774,1095,1095,4,87000
240,1,792,792,768,5,109500
834,3,2046,2046,2046,8,372500
572,2,988,988,988,5,128500
264,1,923,923,923,6,143000
281,1,1520,848,793,5,159434
431,2,1291,1291,1291,6,173000
702,3,1668,1668,1626,9,285000
486,2,1839,1195,1195,7,221000
577,2,2090,1190,1190,7,207500
578,2,1761,874,874,7,227875
480,2,1102,551,551,7,148800
567,2,1419,1419,1419,8,392000
460,2,1362,1362,1362,6,194700
420,2,848,848,848,6,141000
832,3,4316,2444,2444,10,755000
628,2,2519,1238,1210,7,335000
326,1,1073,1073,1073,5,108480
576,2,1539,1067,927,5,141500
551,2,1137,1137,1112,6,176000
205,1,616,616,616,5,89000
308,1,1148,1148,980,5,123500
336,1,894,894,894,5,138500
530,2,1391,1391,1391,7,196000
765,3,1800,1800,1800,8,312500
528,2,1164,1164,1164,7,140000
666,3,2576,1264,1234,8,361919
672,2,1812,1032,360,5,140000
606,2,1484,1484,1473,7,213000
0,0,1092,372,0,4,55000
739,2,1824,1824,1643,7,302000
550,2,1324,1324,1324,8,254000
400,2,1456,728,728,7,179540
408,1,904,904,876,5,109900
0,0,729,729,270,3,52000
384,1,1178,859,859,4,102776
472,2,1228,1228,1228,8,189000
576,2,960,960,960,4,129000
475,2,1479,725,725,6,130500
478,2,1350,1350,1064,6,165000
704,2,2554,1576,718,7,159500
439,2,1178,1178,1176,5,157000
983,3,2418,1325,1311,7,341000
300,1,971,971,971,5,128500
564,2,1742,1742,1742,8,275000
420,2,848,848,848,6,143000
463,2,864,864,864,4,124500
548,1,1470,997,941,4,135000
768,3,1698,1698,1698,9,320000
660,2,864,864,864,4,120500
540,2,1680,1680,880,6,222000
632,2,1232,1232,1232,7,194500
888,3,1776,1776,1584,5,110000
539,2,1208,848,780,4,103000
608,2,1616,1616,1595,8,236500
438,2,1146,1146,868,7,187500
541,2,2031,1153,1153,7,222500
264,1,1144,1144,864,5,131400
300,1,948,948,948,5,108000
320,2,1768,880,880,7,163000
400,2,1040,1040,0,3,93500
800,3,1801,901,893,8,239900
0,0,1200,1200,1200,5,179000
572,2,1728,864,864,7,190000
360,2,1432,768,264,5,132000
288,1,912,912,912,6,142000
539,2,1349,1349,1349,7,179000
480,2,1464,1464,520,5,175000
462,2,1337,1337,1337,8,180000
831,2,2715,1175,1142,8,299800
554,2,2256,980,952,7,236000
864,4,2640,1320,1240,7,265979
527,2,1720,1720,1720,7,260400
240,1,1529,1088,0,4,98000
0,0,1140,792,576,4,96500
400,2,1320,660,660,7,162000
576,2,1494,1494,1479,6,217000
878,3,2098,1038,1030,8,275500
440,2,1026,1026,1026,6,156000
440,2,1471,742,729,6,172500
578,2,1768,866,866,8,212000
440,2,1386,672,672,6,158900
440,2,1501,757,744,7,179400
752,3,2531,1328,1318,8,290000
300,1,864,864,864,6,127500
440,2,1301,1301,1145,5,100000
614,2,1547,764,756,7,215200
856,3,2365,1268,1252,8,337000
481,2,1494,1494,1494,8,270000
592,2,1506,1506,1498,9,264132
496,2,1714,980,980,7,196500
423,1,1750,983,983,6,160000
484,2,1836,1836,1860,7,216837
841,3,3279,1690,1650,8,538000
576,2,858,858,858,5,134900
396,2,1220,1220,836,4,102000
672,2,1117,1117,1029,6,107000
275,1,912,912,912,5,114500
895,3,1973,1973,1935,8,395000
412,2,1204,1204,1204,6,162000
865,3,1614,1614,1614,7,221500
440,2,894,894,864,5,142500
630,2,2020,2020,0,5,144000
504,2,1004,1004,975,6,135000
402,2,1253,1253,1237,7,176000
484,2,1603,810,761,6,175900
605,2,1430,1430,1413,7,187100
602,2,1110,1110,1097,5,165500
0,0,1484,742,742,6,128000
457,2,1342,1342,1372,6,161500
416,1,1652,966,686,5,139000
618,2,2084,956,956,7,233000
281,1,901,901,901,4,107900
444,2,2087,976,832,6,187500
397,2,1145,1145,1145,7,160200
539,2,1062,1062,1029,6,146800
455,2,2013,1127,1117,7,269790
474,2,1496,1496,1496,8,225000
409,2,1895,1086,712,7,194500
476,2,1564,888,650,6,171000
528,2,1285,1285,660,6,143500
240,1,773,773,773,5,110000
820,3,3140,1966,1926,9,485000
240,1,1768,981,731,5,175000
603,2,1688,616,616,6,200000
440,2,1196,1196,1196,4,109900
410,2,1456,728,728,7,189000
1020,3,2822,1734,1734,9,582933
286,1,1128,1128,936,5,118000
554,2,1428,1428,1417,7,227680
384,1,980,980,980,5,135500
528,2,1576,1072,1324,5,223500
484,2,1086,1086,1024,5,159950
360,2,2138,1075,849,5,106000
484,2,1309,1309,1040,6,181000
420,2,848,848,848,6,144500
504,2,1044,1044,540,5,55993
301,1,1442,1442,1442,6,157900
280,1,1250,686,686,5,116000
598,2,1661,1661,1649,7,224900
275,1,1008,1008,1008,5,137000
857,3,1689,1689,1568,8,271000
440,2,1052,1052,1010,6,155000
484,2,1358,1358,1358,7,224000
595,2,1640,798,798,7,183000
576,2,936,936,936,4,93000
433,2,1733,847,847,7,225000
240,1,1489,944,778,6,139500
776,2,1489,1489,1489,8,232600
1220,3,2084,2084,2078,10,385000
0,0,784,784,784,5,109500
527,2,1434,1434,1454,7,189000
538,2,2126,1160,1013,5,185000
480,2,1223,520,600,7,147400
458,2,1392,1392,1392,6,166000
480,2,1200,520,600,7,151000
613,2,1829,941,941,7,237000
472,2,1516,1516,1516,6,167000
456,2,1144,1144,1144,5,139950
436,2,1067,1067,1067,4,128000
812,2,1559,1559,1559,5,153500
264,1,987,483,483,6,100000
352,1,1099,1099,1099,5,144000
240,1,1200,768,768,5,130500
400,1,1482,810,672,6,140000
686,2,1539,958,650,5,157500
490,2,1165,1165,1127,6,174900
0,0,1800,1800,1800,5,141000
720,3,1416,876,876,5,153900
611,2,1701,1701,1390,5,171000
425,2,1775,1006,740,7,213000
338,1,864,864,864,5,133500
360,2,2358,1307,907,6,240000
512,2,1855,1094,528,6,187000
420,2,848,848,848,6,131500
400,2,1456,1456,1273,8,215000
240,1,1646,918,918,7,164000
645,2,1445,1445,1127,6,158000
454,2,1779,1779,1763,5,170000
260,1,1040,1040,1040,5,127000
576,2,1026,1026,940,6,147000
343,2,1481,702,702,6,174000
479,2,1370,1370,1090,7,152000
619,2,2654,1512,1054,6,250000
216,1,1426,912,912,7,189950
504,2,1039,1039,1039,5,131500
480,2,1097,1097,1040,6,152000
672,1,1148,1148,1148,5,132500
529,2,1372,1372,1372,7,250580
902,2,1002,1002,1002,5,148500
870,3,1646,1646,1638,8,248900
544,2,1120,1120,1040,4,129000
672,2,2320,1547,0,5,169000
574,2,1949,1062,1050,7,236000
308,1,894,894,894,5,109500
523,2,1682,804,804,6,200500
414,2,910,910,105,5,116000
288,1,1268,1036,832,5,133000
200,1,1131,676,676,5,66500
550,2,2610,1184,1184,8,303477
648,2,1040,1040,1064,4,132250
738,3,2224,1462,1462,9,350000
576,2,1155,1155,1109,5,148000
336,1,864,864,864,5,136500
450,2,1090,1090,1090,5,157000
400,2,1717,1187,1156,7,187500
389,2,1593,808,808,6,178000
440,1,2230,954,795,4,118500
288,1,892,892,892,5,100000
506,2,1709,1709,1698,9,328900
588,2,1712,1712,1626,5,145000
300,1,1393,872,816,5,135500
621,2,2217,2217,2217,8,268000
505,2,1505,1505,1505,6,149500
576,2,924,672,672,5,122900
440,2,1683,918,918,6,172500
264,1,1068,1068,1059,6,154500
354,1,1383,1383,1383,5,165000
400,2,1535,1535,0,5,118858
483,2,1796,983,780,6,140000
327,1,951,951,951,4,106500
528,2,2240,1120,0,5,142953
820,3,2364,2364,2330,9,611657
288,1,1236,1236,912,5,135000
684,1,858,858,858,4,110000
756,1,1306,1306,992,5,153000
393,2,1509,807,783,7,180000
690,3,1670,1670,1670,7,240000
288,1,902,902,876,5,125500
280,1,1063,1063,1056,5,128000
865,3,1636,1636,1623,8,255000
180,1,2057,1020,1017,7,250000
484,2,902,902,864,5,131000
390,2,1484,742,742,6,174000
480,2,2274,1105,1105,5,154300
252,1,1268,1268,1268,5,143500
450,1,1015,1015,768,5,88000
871,3,2002,1001,1001,5,145000
528,2,1224,612,612,6,173733
286,1,1092,546,546,4,75000
308,1,480,480,480,2,35311
284,1,1229,1229,1134,4,135000
833,3,2127,912,1104,7,238000
601,2,1414,1414,1184,6,176500
471,2,1721,936,928,6,201000
0,0,2200,1272,1272,5,145900
397,2,1316,1316,1316,6,169990
533,2,1617,1617,1604,6,193000
612,2,1686,1686,1686,6,207500
540,2,1126,1126,1126,5,175000
656,3,2374,1234,1181,8,285000
486,2,1978,1098,832,7,176000
522,2,1788,1788,1753,8,236500
642,2,2236,993,964,7,222000
610,3,1466,1466,1466,8,201000
429,1,925,925,925,5,117500
788,3,1905,1905,1905,9,320000
570,2,1500,1500,1500,7,190000
505,2,2069,2069,585,7,242000
528,2,747,747,600,4,79900
555,2,1200,1200,1176,7,184900
689,2,1971,1113,1113,7,253000
868,3,1962,1391,1391,7,239799
349,1,2403,1207,1032,7,244400
574,2,1728,1728,1728,6,150900
390,2,2060,1022,992,7,214000
0,0,1440,1440,1440,4,150000
576,2,1632,1632,1632,5,143000
525,2,1344,1344,819,6,137500
456,2,1869,1188,1088,5,124900
796,1,1144,1144,1144,5,143000
808,3,1629,1629,1616,8,270000
474,2,1776,936,936,7,192500
676,2,1381,1381,1161,6,197500
720,2,864,864,864,5,129000
300,1,965,965,828,5,119900
396,1,768,768,768,5,133900
530,2,1968,1168,784,5,172000
0,0,980,980,945,6,127500
492,2,1958,979,979,6,145000
462,2,1229,561,561,6,124000
576,2,1057,1057,1057,5,132000
531,2,1337,1337,1337,7,185000
484,2,1416,696,696,7,155000
0,0,858,858,858,5,116500
619,2,2872,1542,1330,6,272000
440,2,1548,804,804,6,155000
702,2,1800,1800,1800,9,239000
510,2,1894,824,817,7,214900
393,2,1484,783,783,6,178900
256,1,1308,976,728,5,160000
260,1,1098,1098,1098,5,135000
0,0,968,600,600,3,37900
264,1,1095,1095,588,6,140000
0,0,1192,720,720,4,135000
474,2,1626,764,764,7,173000
264,1,918,918,918,6,99500
480,2,1428,1428,1428,7,182000
532,2,2019,1136,728,7,167500
490,2,1382,673,673,7,165000
0,0,869,869,440,4,85500
569,2,1241,1241,1241,7,199900
400,2,894,894,894,4,110000
480,2,1121,1121,1121,5,139000
588,2,999,999,944,7,178400
676,3,2612,1276,1225,8,336000
388,2,1266,1266,1266,7,159895
779,2,2290,1149,1128,8,255900
539,2,1734,1302,0,5,126000
240,1,1164,1164,1164,5,125000
255,1,1635,1001,485,6,117000
606,3,1940,1940,1930,9,395192
551,2,2030,1118,848,6,195000
614,2,1576,778,770,7,197000
870,3,2392,1407,1396,8,348000
424,2,1742,916,916,8,168000
440,2,1851,1020,822,6,187000
564,2,1500,750,750,6,173900
786,3,1718,1718,1700,10,337500
305,1,1230,774,747,4,121600
368,1,1050,1050,1050,5,136500
615,2,1442,1442,1442,6,185000
210,1,1077,1077,1007,3,91000
632,2,1208,1208,1187,7,206000
528,2,944,944,0,3,82000
216,1,691,691,691,5,86000
824,3,1574,1574,1574,8,232000
528,2,1680,1680,1680,5,136905
457,2,1504,1504,1346,7,181000
328,1,985,985,985,5,149900
484,2,1657,1657,1657,6,163500
286,1,1092,546,546,4,88000
550,2,1710,1710,1710,7,240000
0,0,1522,1008,1008,5,102000
312,1,1271,720,720,5,135000
0,0,1664,1664,0,5,100000
180,1,1502,900,602,6,165000
280,1,1022,1022,1022,5,85000
240,1,1082,1082,1082,6,119200
528,2,1665,810,810,8,227000
478,2,1504,1504,1504,7,203000
565,2,1360,1360,1220,8,187500
402,2,1472,802,384,7,160000
440,2,1506,1506,1362,7,213490
451,2,1132,1132,1132,4,176000
632,2,1220,1220,1199,7,194000
160,1,1248,912,912,5,87000
437,2,1504,1504,1346,7,191000
665,2,2898,2898,1565,8,287000
461,2,882,882,882,5,112500
461,2,1264,1264,1268,5,167500
800,3,1646,1646,1638,8,293077
240,1,1376,968,768,5,105000
264,1,1218,672,672,6,118000
0,0,1928,948,686,5,160000
672,2,3082,1687,824,7,197000
796,3,2520,1352,1338,8,310000
900,3,1654,1654,1654,7,230000
240,1,954,954,920,5,119750
290,1,845,845,0,4,84000
912,3,1620,1620,1620,9,315500
905,2,2263,1055,1055,8,287000
0,0,1344,798,546,4,97000
286,1,630,630,630,4,80000
484,2,1803,1803,1134,5,155000
484,2,1632,800,800,6,173000
624,2,1306,1306,1306,6,196000
514,2,2329,1532,1475,7,262280
542,2,2524,2524,2524,8,278000
452,2,1733,1733,0,3,139600
716,3,2868,1992,1992,9,556581
672,2,990,990,990,5,145000
336,2,1771,1771,0,5,115000
308,1,930,930,0,4,84900
436,2,1302,1302,1302,7,176485
440,2,1316,1316,1316,7,200141
540,2,1977,1127,816,6,165000
364,1,1526,1526,1216,5,144500
586,2,1989,1091,1065,8,255000
478,2,1523,1523,1193,6,180000
484,2,1364,1364,1364,7,185850
467,2,1850,979,973,7,248000
836,3,2184,1130,1104,9,335000
432,2,1991,1096,854,6,220000
582,2,1338,1338,1338,8,213500
1248,3,894,894,894,3,81000
560,2,2337,1422,662,5,90000
440,2,1103,1103,1103,6,110500
480,2,1154,1154,1154,5,154000
533,2,2260,1306,1306,7,328000
380,2,1571,799,799,6,178000
442,2,1611,798,780,6,167900
576,2,2521,1291,942,6,151400
576,2,893,893,845,5,135000
286,1,1048,1048,1048,5,135000
441,2,1556,829,727,6,154000
280,1,1456,1002,810,5,91500
440,2,1426,698,690,6,159500
826,3,1240,1240,1240,7,194000
240,1,1740,960,800,7,219500
566,2,1466,1096,796,5,170000
299,1,1096,1096,1096,5,138800
420,2,848,848,848,6,155900
299,1,990,990,990,5,126000
528,2,1258,1258,1258,6,145000
308,1,1040,1040,1040,5,133000
527,2,1459,1459,1459,7,192000
461,1,1251,1251,1251,6,160000
409,2,1498,691,691,6,187500
564,2,996,996,936,6,147000
286,1,1092,546,546,4,83500
1043,3,1953,1082,1082,8,252000
380,2,1709,970,970,7,137500
550,2,1247,1247,1247,8,197000
400,2,1040,1040,0,3,92900
462,2,1252,624,600,7,160000
576,2,1694,1390,1181,6,136500
884,2,1200,1200,864,5,146000
308,1,936,936,936,5,129000
440,2,1314,1314,1314,6,176432
0,0,1355,773,684,6,127000
461,2,1088,1088,1074,8,170000
240,1,1324,757,672,4,128000
478,2,1601,1601,1271,7,157000
246,1,438,438,290,2,60000
280,1,950,950,950,5,119500
254,1,1134,1134,1010,5,135000
539,2,1194,1194,655,6,159500
440,2,1302,630,630,5,106000
712,2,2622,1500,1463,8,325000
719,2,1442,1442,910,7,179900
422,2,2021,887,868,7,274725
463,2,1690,948,924,6,181000
862,3,1836,1836,1836,8,280000
431,2,1658,773,773,6,188000
483,2,1964,1098,803,7,205000
308,1,816,816,816,5,129900
240,1,1008,1008,1008,5,134500
326,1,833,833,833,5,117000
928,3,1734,1734,1734,8,318000
527,2,1419,779,408,8,184100
450,2,894,894,894,5,130000
300,1,1601,1021,533,5,140000
286,1,1040,1040,1040,5,133700
308,1,1012,1012,1012,6,118400
782,3,1552,1552,1552,7,212900
288,1,960,960,672,4,112000
0,0,698,698,698,5,118000
392,2,1482,812,384,7,163900
672,2,1005,1005,1005,4,115000
660,3,1555,1555,1373,7,174000
630,3,1530,1530,1530,7,259000
434,2,1959,847,847,7,215000
672,2,936,936,936,5,140000
576,2,1981,1328,1122,4,135000
0,0,974,974,974,5,93500
205,1,2210,1178,1008,6,117500
466,2,2020,1142,1128,8,239500
460,2,1600,916,916,6,169000
180,1,986,986,960,6,102000
288,1,1252,1032,1032,6,119000
0,0,1020,780,780,5,94000
714,2,1567,1567,1567,6,196000
495,2,1167,1167,915,5,144000
840,2,952,952,952,5,139000
484,2,1868,1088,780,5,197500
1052,3,2828,1466,1466,8,424870
0,0,1006,1006,1006,5,80000
280,1,924,672,672,4,80000
225,1,1576,1042,1042,5,149000
403,2,1298,1298,1298,6,180000
234,1,1564,860,704,7,174500
288,1,1111,572,572,7,116900
324,2,1482,832,650,7,143000
306,1,932,932,932,6,124000
528,2,1466,1466,1466,5,149900
470,2,1811,1811,1073,6,230000
432,1,816,816,816,6,120500
492,2,1820,902,864,7,201800
528,2,1437,1437,1437,5,218000
502,2,1265,1265,1219,5,179900
626,2,1314,1314,1314,7,230000
830,3,1580,1580,1580,8,235128
540,2,1876,943,901,6,185000
440,2,1456,855,855,6,146000
924,2,1640,1640,1296,6,224000
450,2,894,894,894,5,129000
400,2,1258,1258,1198,4,108959
588,2,1432,1432,1360,5,194000
644,2,1502,1502,1502,7,233170
776,3,1694,1694,1694,8,245350
472,2,1671,959,959,6,173000
540,2,2108,1236,1127,6,235000
807,3,3627,1831,1930,10,625000
358,1,1118,1118,1096,6,171000
433,2,1261,1261,1261,6,163000
625,2,1250,625,625,7,171900
0,0,3086,1636,1598,5,200500
360,2,2345,1170,952,6,239000
541,2,2872,2129,1683,8,285000
264,1,923,923,876,5,119500
210,1,1224,818,818,6,115000
186,1,1343,820,731,5,154900
0,0,1124,1124,0,5,93000
693,2,2514,1298,1216,7,250000
482,2,1652,1652,1600,8,392500
813,3,4476,2411,2396,10,745000
720,2,1130,1130,1120,5,120000
995,3,1572,1572,1572,5,186700
392,1,1221,949,784,5,104900
420,2,1699,1014,978,3,95000
757,3,1624,1624,1624,8,262000
493,2,1660,831,831,7,195000
442,2,1804,1028,994,7,189000
1356,4,1622,1622,1249,4,168000
492,2,1441,764,776,8,174000
250,1,1472,842,702,5,125000
402,2,1224,1224,1224,6,165000
299,1,1352,663,663,6,158000
400,2,1456,728,728,6,176000
660,3,1863,879,879,7,219210
225,1,1690,815,815,7,144000
573,2,1212,1212,1212,7,178000
459,2,1382,1382,1051,4,148000
280,1,864,864,864,4,116050
546,2,1779,866,866,7,197900
216,1,1348,884,884,5,117000
451,2,1630,1630,1630,7,213000
495,2,1074,1074,1056,5,153500
701,3,2196,2196,2158,7,271900
384,1,1056,1056,1056,4,107000
544,2,1700,1700,1682,6,200000
506,2,1283,1283,931,5,140000
500,2,1660,1660,1660,8,290000
462,2,1845,1055,1055,6,189000
492,2,1752,1080,559,8,164000
234,1,672,672,672,4,113000
364,1,960,960,648,4,145000
300,1,999,999,925,5,134500
384,1,894,894,894,5,125000
539,2,1902,1318,0,6,112000
552,2,1314,1314,1300,8,229456
0,0,912,672,0,4,80500
0,0,1218,672,672,6,91500
288,1,912,912,912,5,115000
322,1,1211,1211,952,5,134000
315,1,1846,1168,1040,6,143000
528,2,2136,2136,2136,5,137900
388,2,1490,788,788,7,184000
264,1,1138,1138,588,6,145000
668,3,1933,894,894,6,214000
576,2,912,912,912,5,147000
1052,3,1702,1702,1702,9,367294
404,1,1507,1507,1075,5,127000
600,2,2620,1361,1361,5,190000
540,2,1190,1190,1106,5,132500
462,2,1224,1224,0,4,101800
531,2,1188,1188,1188,5,142000
0,0,1964,1024,940,5,130000
180,1,1784,892,747,5,138887
474,2,1626,764,764,7,175500
434,2,1948,847,847,7,195000
484,2,1141,1141,1141,6,142500
472,2,1484,1484,1476,8,265900
543,2,1768,884,884,7,224900
954,3,1689,1689,1689,7,248328
528,2,1173,1173,1053,7,170000
850,3,2076,2076,2076,10,465000
400,2,1517,792,792,8,230000
477,2,1868,1140,585,6,178000
615,2,1553,756,756,7,186500
888,3,1034,1034,1012,6,169900
396,2,2058,1134,735,6,129500
276,1,988,988,876,5,119000
522,2,2110,2110,2110,7,244000
478,2,1405,1405,1405,7,171750
288,1,874,874,864,5,130000
518,2,2167,1516,1192,7,294000
397,2,1656,760,746,7,165400
560,1,1367,959,884,6,127500
691,2,1987,1987,1986,8,301500
0,0,864,864,864,5,99900
400,2,1166,1166,856,7,190000
460,2,1054,1054,1054,6,151000
502,2,1675,892,841,6,181000
338,1,1050,1050,1050,5,128900
304,1,1788,1104,1104,4,161500
520,2,1824,1060,764,6,180500
511,2,1337,1337,1405,6,181000
506,2,1452,713,691,7,183900
308,1,1889,964,925,7,122000
746,3,2018,2018,2002,9,378500
1014,3,3447,1968,728,8,381000
315,1,1524,874,874,5,144000
586,2,1524,1332,1332,7,260000
462,2,1489,1489,1489,6,185750
288,1,935,935,935,5,137000
312,1,1357,1357,1019,6,177000
552,2,1250,661,661,5,139000
400,2,1920,928,928,5,137000
497,2,1395,735,723,6,162000
480,2,1724,1724,1680,6,197900
577,2,2031,1128,1128,8,237000
528,2,1128,698,698,4,68400
544,2,1573,1573,1573,7,227000
484,2,1339,1339,1309,7,180000
484,2,1040,1040,1040,5,150500
0,0,1824,912,912,6,139000
336,1,2447,1699,804,6,169000
280,1,1412,825,780,6,132500
528,2,1328,1328,1328,6,143000
390,2,1582,1582,1624,5,190000
499,2,1659,1659,1501,8,278000
753,3,1970,1120,1085,8,281000
484,2,1152,1152,1152,5,180500
264,1,1302,630,630,5,119500
432,1,2372,1378,994,5,107500
528,2,1664,832,832,7,162900
572,2,864,864,864,5,115000
288,1,1052,1052,1052,5,138500
525,2,1128,1128,1120,5,155000
525,2,1072,1072,547,6,140000
1418,2,5642,4692,6110,10,160000
305,1,1246,1246,1246,5,154000
490,2,1983,1005,978,7,225000
213,1,1494,753,771,6,177500
844,3,2526,1203,1165,8,290000
834,3,1616,1616,1616,7,232000
380,2,1708,976,976,7,130000
840,2,1652,1652,1652,9,325000
474,2,1368,1368,1368,7,202500
480,2,990,990,990,5,138000
528,2,1122,1122,924,5,147000
496,2,1294,1294,1278,6,179200
567,2,1902,1902,1902,7,335000
508,2,1274,1274,1274,7,203000
750,2,2810,1453,1453,8,302000
779,3,2599,1422,1393,9,333168
280,1,948,948,948,4,119000
576,2,2112,1092,952,6,206900
860,3,1630,1630,1622,8,295493
466,2,1352,1352,1352,7,208900
748,3,1787,1787,1753,8,275000
248,1,948,948,864,4,111000
442,2,1478,1478,1478,6,156500
287,1,720,720,0,3,72500
564,2,1923,1061,750,7,190000
0,0,708,708,420,4,82500
895,3,1795,1795,1795,8,147000
0,0,796,796,796,4,55000
0,0,774,774,544,3,79000
264,1,816,816,816,5,130500
520,2,2792,1584,1510,6,256000
462,2,1632,955,935,7,176500
825,3,1588,1588,1588,8,227000
576,2,954,954,911,5,132500
288,1,816,816,816,4,100000
297,1,1360,803,803,5,125500
440,2,1365,765,765,5,125000
630,2,1334,1334,1350,6,167900
506,2,1656,1656,1656,5,135000
0,0,693,693,693,4,52500
492,2,1861,920,916,7,200000
288,1,864,864,864,5,128500
480,4,872,872,858,4,123000
576,2,1114,1114,1114,6,155000
647,2,2169,1284,1284,8,228500
342,2,1913,1172,896,6,177000
440,2,1456,728,728,7,155835
308,1,960,960,960,4,108500
508,2,2156,2156,1568,7,262500
712,3,1776,1776,1732,8,283463
514,2,1494,1494,1482,7,215000
0,0,2358,938,684,8,122000
968,4,2634,1338,1248,5,200000
490,2,1716,858,858,6,171000
624,2,1176,786,698,6,134900
666,3,3238,2053,2033,8,410000
839,3,1865,992,992,7,235000
487,2,1920,1222,570,7,170000
264,1,892,892,864,5,110000
500,2,1078,1078,1078,5,149900
440,2,1573,769,756,6,177500
770,3,1980,1980,1980,9,315000
621,2,2601,990,612,5,189000
430,2,1530,1530,1530,7,260000
368,1,1738,1281,715,4,104900
432,2,1412,616,616,6,156932
480,2,1200,520,600,7,144152
663,2,1674,814,814,7,216000
588,2,1790,882,873,7,193000
336,1,1475,925,757,5,127000
420,2,848,848,848,6,144000
502,2,1668,1668,1657,8,232000
338,1,1374,840,840,4,105000
377,1,1661,1661,992,6,165500
583,2,2097,1108,1108,7,274300
804,3,2633,2633,2633,10,466500
936,3,1958,1026,1026,7,250000
722,3,1571,1571,1571,8,239000
160,1,790,790,768,6,91000
660,2,1604,984,984,5,117000
264,1,987,483,483,6,83000
400,2,1394,754,384,5,167500
200,1,864,864,864,3,58500
550,2,2117,2117,1205,6,237500
576,2,1762,998,596,7,157000
576,2,1416,1416,816,5,112000
280,1,1258,698,560,6,105000
240,1,1154,796,796,4,125500
564,2,2784,1392,1392,7,250000
216,1,2526,1664,714,6,136000
758,3,1746,1746,1746,9,377500
440,2,1218,869,735,6,131000
541,2,1525,1525,1525,7,235000
792,3,1584,1584,1584,5,124000
288,1,900,900,864,5,123000
672,2,1912,1221,482,6,163000
648,3,1500,1500,1356,7,246578
642,3,2482,1133,1094,8,281213
572,2,1687,1687,747,5,160000
180,1,1513,939,939,5,137500
240,1,1904,1136,1208,5,138000
216,1,1608,1160,976,6,137450
208,1,1158,950,862,6,120000
398,2,1593,864,839,6,193000
662,2,1294,1294,1286,7,193879
754,3,1464,1464,1485,8,282922
936,3,1214,694,672,3,105000
482,2,1646,1646,1594,8,275000
396,2,768,768,768,5,133000
0,0,833,833,833,5,112000
528,2,1363,741,622,4,125500
542,2,2093,1236,791,7,215000
622,2,1840,944,944,7,230000
271,1,1668,1112,856,6,140000
420,2,1040,1040,0,4,90000
620,2,1844,1844,1844,8,257000
370,2,1848,1053,833,6,207000
660,3,1569,1569,1386,7,175900
560,2,2290,1246,777,4,122500
1069,3,2450,1310,1284,8,340000
336,1,1144,1144,1144,5,124000
540,2,1844,1844,1844,6,223000
776,2,1416,708,708,6,179900
440,2,1069,1069,1069,6,127500
420,2,848,848,848,6,136500
432,2,2201,1575,697,6,274970
484,1,1344,1344,1024,5,144000
528,2,1252,1252,1252,6,142000
525,2,2127,1223,1223,7,271000
288,1,1558,1048,913,5,140000
240,1,804,804,788,5,119000
467,2,1440,1440,1440,6,182900
372,2,1838,734,732,5,192140
440,2,958,958,958,6,143750
216,1,968,968,656,4,64500
451,2,1792,962,936,6,186500
484,2,1126,1126,1126,5,160000
462,2,1537,1537,1319,6,174000
528,2,864,864,864,4,120500
774,3,1932,1932,1932,8,394617
923,2,1236,1236,912,6,149700
550,2,1725,1040,539,7,197000
672,2,2555,1423,588,6,191000
420,2,848,848,848,6,149300
812,3,2007,1026,1017,10,310000
192,1,952,952,952,6,121000
626,2,1422,1422,1422,7,179600
240,1,913,913,814,6,129000
312,1,1188,1188,1188,5,157900
556,2,2090,1220,1220,8,240000
384,1,1346,796,560,4,112000
0,0,630,630,630,5,92000
0,0,1792,896,896,5,136000
840,3,1578,1578,1573,8,287090
525,2,1072,1072,547,5,145000
0,0,1140,1140,1140,5,84500
400,2,1221,1221,1221,7,185000
460,2,1647,953,953,6,175000
500,2,2073,2073,1542,6,210000
252,1,2340,1188,1152,7,266500
240,1,1078,1078,1078,5,142125
276,1,1256,1256,1256,5,147500
